Ibrutinib,Bivalirudin,16
Ibrutinib,Cyclosporine,12
Ibrutinib,Cholecalciferol,0
Ibrutinib,Fluvoxamine,0
Ibrutinib,Amphetamine,0
Ibrutinib,Nicotine,0
Ibrutinib,Cevimeline,0
Ibrutinib,Esmolol,0
Ibrutinib,Tramadol,0
Ibrutinib,Betaxolol,0
Ibrutinib,Fluconazole,0
Ibrutinib,Troglitazone,0
Ibrutinib,Erythromycin,0
Ibrutinib,Sildenafil,0
Ibrutinib,Reserpine,1
Ibrutinib,Ticlopidine,6
Ibrutinib,Trospium,0
Ibrutinib,Citalopram,0
Ibrutinib,Eletriptan,0
Ibrutinib,Lovastatin,0
Ibrutinib,Reboxetine,0
Ibrutinib,Ranolazine,0
Ibrutinib,Ziprasidone,0
Ibrutinib,Cabergoline,0
Ibrutinib,Dapsone,0
Ibrutinib,Phenytoin,1
Ibrutinib,Diethylstilbestrol,0
Ibrutinib,Anagrelide,6
Ibrutinib,Metoprolol,0
Ibrutinib,Dicoumarol,16
Ibrutinib,Isradipine,0
Ibrutinib,Theophylline,0
Ibrutinib,Argatroban,16
Ibrutinib,Lidocaine,0
Ibrutinib,Clemastine,0
Ibrutinib,Venlafaxine,0
Ibrutinib,Atomoxetine,0
Ibrutinib,Bupivacaine,0
Ibrutinib,Valproicacid,0
Ibrutinib,Acetaminophen,0
Ibrutinib,Gefitinib,0
Ibrutinib,Codeine,0
Ibrutinib,Dihydroergotamine,0
Ibrutinib,Amitriptyline,0
Ibrutinib,Methadone,0
Ibrutinib,Olanzapine,0
Ibrutinib,Atenolol,0
Ibrutinib,Omeprazole,0
Ibrutinib,Terfenadine,0
Ibrutinib,Diltiazem,0
Ibrutinib,Methylergometrine,0
Ibrutinib,Chlorzoxazone,0
Ibrutinib,Mefloquine,0
Ibrutinib,Levonorgestrel,0
Ibrutinib,Mirtazapine,0
Ibrutinib,Timolol,0
Ibrutinib,Palonosetron,0
Ibrutinib,Mexiletine,0
Ibrutinib,Progesterone,0
Ibrutinib,Sorafenib,0
Ibrutinib,Nisoldipine,0
Ibrutinib,Remoxipride,0
Ibrutinib,Rosiglitazone,0
Ibrutinib,Promazine,0
Ibrutinib,Zolpidem,0
Ibrutinib,Prochlorperazine,0
Ibrutinib,NitricOxide,0
Ibrutinib,Cerivastatin,0
Ibrutinib,Teniposide,0
Ibrutinib,Chloramphenicol,0
Ibrutinib,Lansoprazole,0
Ibrutinib,Meperidine,0
Ibrutinib,Imipramine,0
Ibrutinib,Quinine,0
Ibrutinib,Fluoxetine,2
Ibrutinib,Duloxetine,0
Ibrutinib,Chlorpromazine,0
Ibrutinib,Raloxifene,0
Ibrutinib,Celecoxib,0
Ibrutinib,Buspirone,0
Ibrutinib,Entacapone,0
Ibrutinib,Darifenacin,0
Ibrutinib,Oxycodone,0
Ibrutinib,Flutamide,0
Ibrutinib,Cimetidine,0
Ibrutinib,Haloperidol,0
Ibrutinib,Ritonavir,2
Ibrutinib,Dextromethorphan,0
Ibrutinib,Lercanidipine,0
Ibrutinib,Erlotinib,0
Ibrutinib,Cyclophosphamide,0
Ibrutinib,Mephenytoin,0
Ibrutinib,Ciprofloxacin,0
Ibrutinib,Nortriptyline,0
Ibrutinib,Vincristine,0
Ibrutinib,Amoxapine,0
Ibrutinib,Zafirlukast,0
Ibrutinib,Propylthiouracil,7
Ibrutinib,Hydroxyzine,0
Ibrutinib,Cinnarizine,0
Ibrutinib,Vinblastine,0
Ibrutinib,Propranolol,0
Ibrutinib,Fenfluramine,0
Ibrutinib,Clonidine,0
Ibrutinib,Voriconazole,0
Ibrutinib,Fluticasonepropionate,0
Ibrutinib,Lisuride,0
Ibrutinib,Doxazosin,0
Ibrutinib,Piperazine,0
Ibrutinib,Labetalol,0
Ibrutinib,Thiopental,0
Ibrutinib,Cisapride,0
Ibrutinib,Chloroquine,0
Ibrutinib,Imatinib,0
Ibrutinib,Nicardipine,0
Ibrutinib,Fluphenazine,0
Ibrutinib,Testosterone,0
Ibrutinib,Niacin,0
Ibrutinib,Dexmedetomidine,0
Ibrutinib,Astemizole,0
Ibrutinib,Simvastatin,0
Ibrutinib,Dextropropoxyphene,0
Ibrutinib,Estrone,0
Ibrutinib,Trazodone,0
Ibrutinib,Verapamil,0
Ibrutinib,Epinephrine,0
Ibrutinib,Aprepitant,0
Ibrutinib,Galantamine,0
Ibrutinib,Tamoxifen,0
Ibrutinib,Losartan,0
Ibrutinib,Thioridazine,0
Ibrutinib,Warfarin,16
Ibrutinib,Daunorubicin,0
Ibrutinib,Ergotamine,0
Ibrutinib,Nicergoline,0
Ibrutinib,Eplerenone,0
Ibrutinib,Tamsulosin,0
Ibrutinib,Apomorphine,0
Ibrutinib,Paroxetine,0
Ibrutinib,Norethisterone,0
Ibrutinib,Trimipramine,0
Ibrutinib,Nateglinide,0
Ibrutinib,Risperidone,0
Ibrutinib,Meclizine,0
Ibrutinib,Pentamidine,0
Ibrutinib,Hydrocortisone,0
Ibrutinib,Modafinil,1
Ibrutinib,Epinastine,0
Ibrutinib,Tranylcypromine,0
Ibrutinib,Dolasetron,0
Ibrutinib,Clopidogrel,6
Ibrutinib,Tetracycline,0
Ibrutinib,Methimazole,0
Ibrutinib,Etoposide,0
Ibrutinib,Roxithromycin,0
Ibrutinib,Phenelzine,0
Ibrutinib,Estradiol,0
Ibrutinib,Tripelennamine,0
Ibrutinib,Alfentanil,0
Ibrutinib,Minaprine,0
Ibrutinib,Pentoxifylline,6
Ibrutinib,Biperiden,0
Ibrutinib,Fentanyl,0
Ibrutinib,Propofol,0
Ibrutinib,Acetazolamide,0
Ibrutinib,Tadalafil,0
Ibrutinib,Disulfiram,0
Ibrutinib,Mifepristone,0
Ibrutinib,Loperamide,0
Ibrutinib,Donepezil,0
Ibrutinib,Clofazimine,0
Ibrutinib,Perphenazine,0
Ibrutinib,Terbinafine,0
Ibrutinib,Vardenafil,0
Ibrutinib,Ranitidine,0
Ibrutinib,Tacrolimus,0
Ibrutinib,Alprenolol,0
Ibrutinib,Conivaptan,0
Ibrutinib,Ethanol,0
Ibrutinib,Ondansetron,0
Ibrutinib,Cocaine,0
Ibrutinib,Quinidine,0
Ibrutinib,Zonisamide,0
Ibrutinib,Phenformin,0
Ibrutinib,Metronidazole,0
Ibrutinib,Almotriptan,0
Ibrutinib,Buprenorphine,0
Ibrutinib,Mesoridazine,0
Ibrutinib,Maprotiline,0
Ibrutinib,Salmeterol,0
Ibrutinib,Acetylsalicylicacid,16
Ibrutinib,Phenprocoumon,16
Ibrutinib,Isoniazid,0
Ibrutinib,Pindolol,0
Ibrutinib,Zaleplon,0
Ibrutinib,Azelastine,0
Ibrutinib,Ethinylestradiol,0
Ibrutinib,Formoterol,0
Ibrutinib,Doxorubicin,0
Ibrutinib,Metyrapone,0
Ibrutinib,Cinacalcet,0
Ibrutinib,Glyburide,0
Ibrutinib,Felodipine,0
Ibrutinib,Ketoconazole,0
Ibrutinib,Methoxyflurane,0
Ibrutinib,Irbesartan,0
Ibrutinib,Topotecan,0
Ibrutinib,Tolterodine,0
Ibrutinib,Selegiline,0
Ibrutinib,Rifampicin,1
Ibrutinib,Nitrendipine,0
Ibrutinib,Norfloxacin,0
Ibrutinib,Oxybutynin,0
Ibrutinib,Promethazine,0
Ibrutinib,Mequitazine,0
Ibrutinib,Perhexiline,0
Ibrutinib,Diphenhydramine,0
Ibrutinib,Atorvastatin,0
Ibrutinib,Tegaserod,0
Ibrutinib,Pilocarpine,0
Ibrutinib,Primaquine,0
Ibrutinib,Fluvastatin,0
Ibrutinib,Leflunomide,6
Ibrutinib,Rosuvastatin,0
Ibrutinib,Pimozide,0
Ibrutinib,Quinacrine,0
Ibrutinib,Sertraline,0
Ibrutinib,Miconazole,0
Ibrutinib,Chlorpheniramine,0
Ibrutinib,Nifedipine,0
Ibrutinib,Amiodarone,0
Ibrutinib,Dutasteride,0
Ibrutinib,Bicalutamide,0
Ibrutinib,Rabeprazole,0
Ibrutinib,Proguanil,0
Ibrutinib,Carvedilol,0
Ibrutinib,Sulfinpyrazone,6
Ibrutinib,Doxepin,0
Ibrutinib,Nefazodone,0
Ibrutinib,Desipramine,0
Ibrutinib,Bupropion,0
Ibrutinib,Cilostazol,6
Ibrutinib,Itraconazole,0
Ibrutinib,Moclobemide,0
Ibrutinib,Orphenadrine,0
Ibrutinib,Phenobarbital,1
Ibrutinib,Escitalopram,2
Ibrutinib,Ifosfamide,0
Ibrutinib,Propafenone,0
Ibrutinib,Naloxone,0
Ibrutinib,Domperidone,0
Ibrutinib,Clindamycin,0
Ibrutinib,Dexfenfluramine,0
Ibrutinib,Oxymorphone,0
Ibrutinib,Acebutolol,0
Ibrutinib,Bromocriptine,0
Ibrutinib,Mitoxantrone,0
Ibrutinib,Clarithromycin,0
Ibrutinib,Finasteride,0
Ibrutinib,Halofantrine,0
Ibrutinib,Quetiapine,0
Ibrutinib,Encainide,0
Ibrutinib,Metoclopramide,0
Ibrutinib,Dexamethasone,0
Ibrutinib,Sevoflurane,6
Ibrutinib,Aripiprazole,0
Ibrutinib,Clomipramine,0
Ibrutinib,Bepridil,0
Ibrutinib,Docetaxel,0
Ibrutinib,Dasatinib,0
Ibrutinib,Lisdexamfetamine,0
Ibrutinib,Lapatinib,0
Ibrutinib,Posaconazole,0
Ibrutinib,Paliperidone,0
Ibrutinib,Sunitinib,0
Ibrutinib,Arformoterol,0
Ibrutinib,Hydralazine,0
Ibrutinib,Bevantolol,0
Ibrutinib,Practolol,0
Ibrutinib,Penbutolol,0
Ibrutinib,Quinupristin,0
Ibrutinib,Paramethasone,0
Ibrutinib,Mibefradil,0
Ibrutinib,Yohimbine,0
Ibrutinib,Colchicine,0
Ibrutinib,Methotrimeprazine,0
Ibrutinib,Danazol,0
Ibrutinib,Tiotropium,0
Ibrutinib,Acenocoumarol,16
Ibrutinib,Aprindine,0
Ibrutinib,Antipyrine,0
Ibrutinib,Midomafetamine,0
Ibrutinib,Ethylmorphine,0
Ibrutinib,fourMethoxyamphetamine,0
Ibrutinib,Dextroamphetamine,0
Ibrutinib,Metamfetamine,0
Ibrutinib,Oxprenolol,0
Ibrutinib,Everolimus,0
Ibrutinib,Solifenacin,0
Ibrutinib,Pipotiazine,0
Ibrutinib,Zuclopenthixol,0
Ibrutinib,Etoricoxib,0
Ibrutinib,Topiroxostat,0
Ibrutinib,Rutin,0
Ibrutinib,Dalfopristin,0
Ibrutinib,EpothiloneD,0
Ibrutinib,Nicotinamide,0
Ibrutinib,Fusidicacid,0
Ibrutinib,Resveratrol,0
Ibrutinib,Patupilone,0
Ibrutinib,Phenacetin,0
Ibrutinib,sixDeoxyerythronolideB,0
Ibrutinib,Coumarin,16
Ibrutinib,Nimesulide,6
Ibrutinib,Bifonazole,0
Ibrutinib,Lysergicaciddiethylamide,0
Ibrutinib,Zimelidine,0
Ibrutinib,Cyproteroneacetate,0
Ibrutinib,Debrisoquine,0
Ibrutinib,Flunarizine,0
Ibrutinib,Tetrabenazine,0
Ibrutinib,Celiprolol,0
Ibrutinib,Dronedarone,0
Ibrutinib,Dexloxiglumide,0
Ibrutinib,Nebivolol,0
Ibrutinib,Nilotinib,0
Ibrutinib,Lorcaserin,0
Ibrutinib,Dapoxetine,0
Ibrutinib,Bicifadine,0
Ibrutinib,Vapreotide,0
Ibrutinib,Milnacipran,0
Ibrutinib,Ximelagatran,16
Ibrutinib,Tesmilifene,0
Ibrutinib,Clevidipine,0
Ibrutinib,Ospemifene,0
Ibrutinib,Iloperidone,0
Ibrutinib,Lofexidine,0
Ibrutinib,Azimilide,0
Ibrutinib,Beraprost,16
Ibrutinib,Rotigotine,0
Ibrutinib,sevethyltenhydroxycamptothecin,0
Ibrutinib,Telaprevir,0
Ibrutinib,Abiraterone,0
Ibrutinib,GPIofef,0
Ibrutinib,Dovitinib,0
Ibrutinib,Cariprazine,0
Ibrutinib,Sertindole,0
Ibrutinib,Mianserin,0
Ibrutinib,Noscapine,0
Ibrutinib,Romidepsin,0
Ibrutinib,Alogliptin,0
Ibrutinib,Tapentadol,0
Ibrutinib,Prasugrel,16
Ibrutinib,Vernakalant,0
Ibrutinib,Rivaroxaban,16
Ibrutinib,Ridaforolimus,0
Ibrutinib,Udenafil,0
Ibrutinib,Sitaxentan,0
Ibrutinib,Dapagliflozin,0
Ibrutinib,Saxagliptin,0
Ibrutinib,Ambrisentan,0
Ibrutinib,Oxymetholone,0
Ibrutinib,Armodafinil,1
Ibrutinib,Lonafarnib,0
Ibrutinib,Lestaurtinib,0
Ibrutinib,Repinotan,0
Ibrutinib,Deramciclane,0
Ibrutinib,Mitemcinal,0
Ibrutinib,Pazopanib,0
Ibrutinib,Midostaurin,0
Ibrutinib,Apixaban,16
Ibrutinib,Bosutinib,0
Ibrutinib,Axitinib,0
Ibrutinib,Vicriviroc,0
Ibrutinib,Safinamide,0
Ibrutinib,Pasireotide,0
Ibrutinib,Esmirtazapine,0
Ibrutinib,Vilazodone,0
Ibrutinib,Mepyramine,0
Ibrutinib,Dabigatranetexilate,16
Ibrutinib,Desvenlafaxine,0
Ibrutinib,Fesoterodine,0
Ibrutinib,Nilvadipine,0
Ibrutinib,Sulfaphenazole,0
Ibrutinib,Gestodene,0
Ibrutinib,Cabazitaxel,0
Ibrutinib,Capsaicin,0
Ibrutinib,Hydroxyprogesteronecaproate,0
Ibrutinib,Lanreotide,0
Ibrutinib,Phenylbutyricacid,0
Ibrutinib,BrefeldinA,0
Ibrutinib,Tranilast,6
Ibrutinib,Bopindolol,0
Ibrutinib,Bupranolol,0
Ibrutinib,Tofisopam,0
Ibrutinib,Ticagrelor,0
Ibrutinib,Ivacaftor,0
Ibrutinib,Lomitapide,0
Ibrutinib,Rilpivirine,0
Ibrutinib,Crizotinib,0
Ibrutinib,Fingolimod,12
Ibrutinib,Vemurafenib,0
Ibrutinib,Linagliptin,0
Ibrutinib,Perampanel,0
Ibrutinib,Mirabegron,0
Ibrutinib,Tofacitinib,12
Ibrutinib,Regorafenib,0
Ibrutinib,Enzalutamide,0
Ibrutinib,Ponatinib,0
Ibrutinib,Fluticasonefuroate,0
Ibrutinib,Levomilnacipran,0
Ibrutinib,Perospirone,0
Ibrutinib,Vorapaxar,16
Ibrutinib,Eliglustat,0
Ibrutinib,Netupitant,0
Ibrutinib,Naloxegol,0
Ibrutinib,Ozanimod,6
Ibrutinib,Siponimod,6
Ibrutinib,Vilanterol,6
Ibrutinib,Baricitinib,6
Ibrutinib,Tetrandrine,6
Ibrutinib,Hydrocortisoneacetate,6
Ibrutinib,Hydrocortisonebutyrate,6
Ibrutinib,Difluocortolone,6
Ibrutinib,Bivalirudin,16
Ibrutinib,Dicoumarol,16
Ibrutinib,Argatroban,16
Ibrutinib,Warfarin,16
Ibrutinib,Acetylsalicylicacid,16
Ibrutinib,Phenprocoumon,16
Ibrutinib,Acenocoumarol,16
Ibrutinib,Coumarin,16
Ibrutinib,Ximelagatran,16
Ibrutinib,Beraprost,16
Ibrutinib,Prasugrel,16
Ibrutinib,Rivaroxaban,16
Ibrutinib,Apixaban,16
Ibrutinib,Dabigatranetexilate,16
Ibrutinib,Vorapaxar,16
Ibrutinib,Betrixaban,16
Ibrutinib,Gabexate,16
Ibrutinib,Ticlopidine,6
Ibrutinib,Clopidogrel,6
Ibrutinib,Pentoxifylline,6
Ibrutinib,Sulfinpyrazone,6
Ibrutinib,Cilostazol,6
Ibrutinib,Sevoflurane,6
Ibrutinib,Nimesulide,6
Ibrutinib,Tranilast,6
Ibrutinib,Anagrelide,6
Ibrutinib,Etoposide,0
Ibrutinib,Fluvoxamine,0
Ibrutinib,Fluconazole,0
Ibrutinib,Erythromycin,0
Ibrutinib,Citalopram,0
Ibrutinib,Lovastatin,0
Ibrutinib,Ziprasidone,0
Ibrutinib,Cabergoline,0
Ibrutinib,Diethylstilbestrol,0
Ibrutinib,Isradipine,0
Ibrutinib,Valproicacid,0
Ibrutinib,Acetaminophen,0
Ibrutinib,Gefitinib,0
Ibrutinib,Dihydroergotamine,0
Ibrutinib,Methadone,0
Ibrutinib,Omeprazole,0
Ibrutinib,Terfenadine,0
Ibrutinib,Diltiazem,0
Ibrutinib,Methylergometrine,0
Ibrutinib,Mefloquine,0
Ibrutinib,Mirtazapine,0
Ibrutinib,Sorafenib,0
Ibrutinib,NitricOxide,0
Ibrutinib,Cerivastatin,0
Ibrutinib,Teniposide,0
Ibrutinib,Chloramphenicol,0
Ibrutinib,Lansoprazole,0
Ibrutinib,Quinine,0
Ibrutinib,Duloxetine,0
Ibrutinib,Raloxifene,0
Ibrutinib,Cimetidine,0
Ibrutinib,Haloperidol,0
Ibrutinib,Erlotinib,0
Ibrutinib,Ciprofloxacin,0
Ibrutinib,Zafirlukast,0
Ibrutinib,Vinblastine,0
Ibrutinib,Fluticasonepropionate,0
Ibrutinib,Thiopental,0
Ibrutinib,Imatinib,0
Ibrutinib,Nicardipine,0
Ibrutinib,Astemizole,0
Ibrutinib,Dextropropoxyphene,0
Ibrutinib,Verapamil,0
Ibrutinib,Epinephrine,0
Ibrutinib,Aprepitant,0
Ibrutinib,Tamoxifen,0
Ibrutinib,Losartan,0
Ibrutinib,Daunorubicin,0
Ibrutinib,Ergotamine,0
Ibrutinib,Paroxetine,0
Ibrutinib,Tranylcypromine,0
Ibrutinib,Tetracycline,0
Ibrutinib,Methimazole,0
Ibrutinib,Roxithromycin,0
Ibrutinib,Phenelzine,0
Ibrutinib,Propofol,0
Ibrutinib,Acetazolamide,0
Ibrutinib,Mifepristone,0
Ibrutinib,Loperamide,0
Ibrutinib,Clofazimine,0
Ibrutinib,Tacrolimus,0
Ibrutinib,Conivaptan,0
Ibrutinib,Ethanol,0
Ibrutinib,Quinidine,0
Ibrutinib,Metronidazole,0
Ibrutinib,Buprenorphine,0
Ibrutinib,Isoniazid,0
Ibrutinib,Doxorubicin,0
Ibrutinib,Metyrapone,0
Ibrutinib,Glyburide,0
Ibrutinib,Felodipine,0
Ibrutinib,Ketoconazole,0
Ibrutinib,Irbesartan,0
Ibrutinib,Topotecan,0
Ibrutinib,Norfloxacin,0
Ibrutinib,Oxybutynin,0
Ibrutinib,Mequitazine,0
Ibrutinib,Pilocarpine,0
Ibrutinib,Primaquine,0
Ibrutinib,Fluvastatin,0
Ibrutinib,Pimozide,0
Ibrutinib,Miconazole,0
Ibrutinib,Amiodarone,0
Ibrutinib,Bicalutamide,0
Ibrutinib,Rabeprazole,0
Ibrutinib,Nefazodone,0
Ibrutinib,Desipramine,0
Ibrutinib,Itraconazole,0
Ibrutinib,Orphenadrine,0
Ibrutinib,Ifosfamide,0
Ibrutinib,Naloxone,0
Ibrutinib,Bromocriptine,0
Ibrutinib,Mitoxantrone,0
Ibrutinib,Clarithromycin,0
Ibrutinib,Dexamethasone,0
Ibrutinib,Docetaxel,0
Ibrutinib,Dasatinib,0
Ibrutinib,Lapatinib,0
Ibrutinib,Posaconazole,0
Ibrutinib,Sunitinib,0
Ibrutinib,Hydralazine,0
Ibrutinib,Quinupristin,0
Ibrutinib,Paramethasone,0
Ibrutinib,Mibefradil,0
Ibrutinib,Colchicine,0
Ibrutinib,Danazol,0
Ibrutinib,Etoricoxib,0
Ibrutinib,Topiroxostat,0
Ibrutinib,Rutin,0
Ibrutinib,Dalfopristin,0
Ibrutinib,EpothiloneD,0
Ibrutinib,Nicotinamide,0
Ibrutinib,Fusidicacid,0
Ibrutinib,Resveratrol,0
Ibrutinib,Patupilone,0
Ibrutinib,sixDeoxyerythronolideB,0
Ibrutinib,Zimelidine,0
Ibrutinib,Cyproteroneacetate,0
Ibrutinib,Dronedarone,0
Ibrutinib,Nilotinib,0
Ibrutinib,Dapoxetine,0
Ibrutinib,Vapreotide,0
Ibrutinib,Milnacipran,0
Ibrutinib,Tesmilifene,0
Ibrutinib,Clevidipine,0
Ibrutinib,sevethyltenhydroxycamptothecin,0
Ibrutinib,Telaprevir,0
Ibrutinib,GPIofef,0
Ibrutinib,Dovitinib,0
Ibrutinib,Noscapine,0
Ibrutinib,Ridaforolimus,0
Ibrutinib,Sitaxentan,0
Ibrutinib,Oxymetholone,0
Ibrutinib,Lestaurtinib,0
Ibrutinib,Mitemcinal,0
Ibrutinib,Pazopanib,0
Ibrutinib,Midostaurin,0
Ibrutinib,Bosutinib,0
Ibrutinib,Pasireotide,0
Ibrutinib,Desvenlafaxine,0
Ibrutinib,Nilvadipine,0
Ibrutinib,Capsaicin,0
Ibrutinib,Lanreotide,0
Ibrutinib,BrefeldinA,0
Ibrutinib,Tofisopam,0
Ibrutinib,Ticagrelor,0
Ibrutinib,Ivacaftor,0
Ibrutinib,Lomitapide,0
Ibrutinib,Rilpivirine,0
Ibrutinib,Crizotinib,0
Ibrutinib,Linagliptin,0
Ibrutinib,Regorafenib,0
Ibrutinib,Fluticasonefuroate,0
Ibrutinib,Netupitant,0
Ibrutinib,Idelalisib,0
Ibrutinib,Ceritinib,0
Ibrutinib,Palbociclib,0
Ibrutinib,Olaparib,0
Ibrutinib,Lenvatinib,0
Ibrutinib,Somatostatin,0
Ibrutinib,Stiripentol,0
Ibrutinib,Barnidipine,0
Ibrutinib,Benidipine,0
Ibrutinib,Efonidipine,0
Ibrutinib,Osimertinib,0
Ibrutinib,Venetoclax,0
Ibrutinib,Isavuconazole,0
Ibrutinib,Acalabrutinib,0
Ibrutinib,Ribociclib,0
Ibrutinib,Rifamycin,0
Ibrutinib,Fostamatinib,0
Ibrutinib,Alpelisib,0
Ibrutinib,Letermovir,0
Ibrutinib,Rucaparib,0
Ibrutinib,Oxetacaine,0
Ibrutinib,Troleandomycin,0
Ibrutinib,Fluticasone,0
Ibrutinib,Enasidenib,0
Ibrutinib,Testosteronecypionate,0
Ibrutinib,Testosteroneenanthate,0
Ibrutinib,Testosteroneundecanoate,0
Ibrutinib,Fosnetupitant,0
Ibrutinib,Voriconazole,0
Ibrutinib,Azelastine,0
Ibrutinib,Everolimus,0
Ibrutinib,Ranolazine,0
Ibrutinib,Osilodrostat,0
Ibrutinib,Bifonazole,0
Ibrutinib,Pralsetinib,0
Ibrutinib,Remdesivir,0
Ibrutinib,Lonafarnib,0
Ibrutinib,Leflunomide,6
Ibrutinib,Tofacitinib,12
Ibrutinib,Fingolimod,12
Ibrutinib,Terbinafine,0
Ibrutinib,Tegaserod,0
Ibrutinib,Sulfaphenazole,0
Ibrutinib,Phenylbutyricacid,0
Ibrutinib,Ritanserin,0
Ibrutinib,Rhein,0
Ibrutinib,Cholecalciferol,0
Ibrutinib,Metoprolol,0
Ibrutinib,Venlafaxine,0
Ibrutinib,Imipramine,0
Ibrutinib,Chlorpromazine,0
Ibrutinib,Celecoxib,0
Ibrutinib,Darifenacin,0
Ibrutinib,Chloroquine,0
Ibrutinib,Perhexiline,0
Ibrutinib,Abiraterone,0
Ibrutinib,Vilazodone,0
Ibrutinib,Rolapitant,0
Ibrutinib,Lorcaserin,0
Ibrutinib,Mirabegron,0
Ibrutinib,Berotralstat,0
Ibrutinib,Thioridazine,0
Ibrutinib,Methotrimeprazine,0
Ibrutinib,Cisapride,0
Ibrutinib,Bupropion,0
Ibrutinib,Halofantrine,0
Ibrutinib,Cinacalcet,0
Ibrutinib,Propafenone,0
Ibrutinib,Pitolisant,5
Ibrutinib,Safinamide,0
Ibrutinib,Gestodene,0
Ibrutinib,Cannabidiol,0
Ibrutinib,Nabiximols,0
Ibrutinib,Troglitazone,0
Ibrutinib,Methyleneblue,0
Ibrutinib,Curcuminsulfate,0
Ibrutinib,Rifampicin,1
Ibrutinib,Phenobarbital,1
Ibrutinib,Icotinib,1
Ibrutinib,Modafinil,1
Ibrutinib,Reserpine,1
Ibrutinib,Phenytoin,1
Ibrutinib,Armodafinil,1
Ibrutinib,Prednisolonephosphate,1
Ibrutinib,Betamethasonephosphate,1
Ibrutinib,Pentamidine,0
Ibrutinib,Estradiol,0
Ibrutinib,Dutasteride,0
Ibrutinib,Dexloxiglumide,0
Ibrutinib,Azimilide,0
Ibrutinib,Sildenafil,0
Ibrutinib,Dapsone,0
Ibrutinib,Levonorgestrel,0
Ibrutinib,Nisoldipine,0
Ibrutinib,Buspirone,0
Ibrutinib,Oxycodone,0
Ibrutinib,Flutamide,0
Ibrutinib,Dextromethorphan,0
Ibrutinib,Propranolol,0
Ibrutinib,Eplerenone,0
Ibrutinib,Nateglinide,0
Ibrutinib,Risperidone,0
Ibrutinib,Tadalafil,0
Ibrutinib,Disulfiram,0
Ibrutinib,Vardenafil,0
Ibrutinib,Ondansetron,0
Ibrutinib,Zonisamide,0
Ibrutinib,Salmeterol,0
Ibrutinib,Zaleplon,0
Ibrutinib,Nitrendipine,0
Ibrutinib,Quinacrine,0
Ibrutinib,Domperidone,0
Ibrutinib,Finasteride,0
Ibrutinib,Quetiapine,0
Ibrutinib,Aripiprazole,0
Ibrutinib,Paliperidone,0
Ibrutinib,Iloperidone,0
Ibrutinib,Romidepsin,0
Ibrutinib,Udenafil,0
Ibrutinib,Saxagliptin,0
Ibrutinib,Ambrisentan,0
Ibrutinib,Vicriviroc,0
Ibrutinib,Hydroxyprogesteronecaproate,0
Ibrutinib,Simvastatin,0
Ibrutinib,Atorvastatin,0
Ibrutinib,Clindamycin,0
Ibrutinib,Ethinylestradiol,0
Ibrutinib,Alfentanil,0
Ibrutinib,Fentanyl,0
Ibrutinib,Apomorphine,0
Ibrutinib,Estrone,0
Ibrutinib,Testosterone,0
Ibrutinib,Norethisterone,0
Ibrutinib,Hydrocortisone,0
Ibrutinib,Rosuvastatin,0
Ibrutinib,Perampanel,0
Ibrutinib,Enzalutamide,0
Ibrutinib,Vincristine,0
Ibrutinib,Axitinib,0
Ibrutinib,Cabazitaxel,0
Ibrutinib,Ponatinib,0
Ibrutinib,Clonidine,0
Ibrutinib,Cyclophosphamide,0
Ibrutinib,Clemastine,0
Ibrutinib,Hydroxyzine,0
Ibrutinib,Fenfluramine,0
Ibrutinib,Labetalol,0
Ibrutinib,Dexmedetomidine,0
Ibrutinib,Tripelennamine,0
Ibrutinib,Biperiden,0
Ibrutinib,Promethazine,0
Ibrutinib,Diphenhydramine,0
Ibrutinib,Moclobemide,0
Ibrutinib,Acebutolol,0
Ibrutinib,Oxprenolol,0
Ibrutinib,Tapentadol,0
Ibrutinib,Vernakalant,0
Ibrutinib,Melperone,0
Ibrutinib,Artenimol,0
Ibrutinib,Perphenazine,0
Ibrutinib,Mepyramine,0
Ibrutinib,Ranitidine,0
Ibrutinib,Levosalbutamol,0
Ibrutinib,Lidocaine,0
Ibrutinib,Lercanidipine,0
Ibrutinib,Trazodone,0
Ibrutinib,Cocaine,0
Ibrutinib,Chlorpheniramine,0
Ibrutinib,Rosiglitazone,0
Ibrutinib,Metoclopramide,0
Ibrutinib,Bepridil,0
Ibrutinib,Pipotiazine,0
Ibrutinib,Rotigotine,0
Ibrutinib,Eliglustat,0
Ibrutinib,Naloxegol,0
Ibrutinib,Dexchlorpheniraminemaleate,0
Ibrutinib,Doxepin,0
Ibrutinib,Niacin,0
Ibrutinib,Nifedipine,0
Ibrutinib,Fedratinib,0
Ibrutinib,Trospium,0
Ibrutinib,Entacapone,0
Ibrutinib,Fluphenazine,0
Ibrutinib,Pindolol,0
Ibrutinib,Dexfenfluramine,0
Ibrutinib,Lisdexamfetamine,0
Ibrutinib,Deramciclane,0
Ibrutinib,Proguanil,0
Ibrutinib,Reboxetine,0
Ibrutinib,Selegiline,0
Ibrutinib,Sertraline,0
Ibrutinib,Ospemifene,0
Ibrutinib,Vemurafenib,0
Ibrutinib,Amphetamine,0
Ibrutinib,Esmolol,0
Ibrutinib,Betaxolol,0
Ibrutinib,Atomoxetine,0
Ibrutinib,Atenolol,0
Ibrutinib,Timolol,0
Ibrutinib,Remoxipride,0
Ibrutinib,Piperazine,0
Ibrutinib,Nicergoline,0
Ibrutinib,Meclizine,0
Ibrutinib,Minaprine,0
Ibrutinib,Alprenolol,0
Ibrutinib,Phenformin,0
Ibrutinib,Mesoridazine,0
Ibrutinib,Maprotiline,0
Ibrutinib,Formoterol,0
Ibrutinib,Encainide,0
Ibrutinib,Arformoterol,0
Ibrutinib,Bevantolol,0
Ibrutinib,Practolol,0
Ibrutinib,Penbutolol,0
Ibrutinib,Aprindine,0
Ibrutinib,Midomafetamine,0
Ibrutinib,fourMethoxyamphetamine,0
Ibrutinib,Dextroamphetamine,0
Ibrutinib,Metamfetamine,0
Ibrutinib,Debrisoquine,0
Ibrutinib,Tetrabenazine,0
Ibrutinib,Celiprolol,0
Ibrutinib,Lofexidine,0
Ibrutinib,Repinotan,0
Ibrutinib,Esmirtazapine,0
Ibrutinib,Bopindolol,0
Ibrutinib,Bupranolol,0
Ibrutinib,Nicotine,0
Ibrutinib,Olanzapine,0
Ibrutinib,Bicifadine,0
Ibrutinib,Cevimeline,0
Ibrutinib,Tramadol,0
Ibrutinib,Eletriptan,0
Ibrutinib,Bupivacaine,0
Ibrutinib,Codeine,0
Ibrutinib,Chlorzoxazone,0
Ibrutinib,Palonosetron,0
Ibrutinib,Mexiletine,0
Ibrutinib,Promazine,0
Ibrutinib,Zolpidem,0
Ibrutinib,Cinnarizine,0
Ibrutinib,Lisuride,0
Ibrutinib,Galantamine,0
Ibrutinib,Tamsulosin,0
Ibrutinib,Dolasetron,0
Ibrutinib,Donepezil,0
Ibrutinib,Almotriptan,0
Ibrutinib,Methoxyflurane,0
Ibrutinib,Tolterodine,0
Ibrutinib,Carvedilol,0
Ibrutinib,Oxymorphone,0
Ibrutinib,Yohimbine,0
Ibrutinib,Tiotropium,0
Ibrutinib,Antipyrine,0
Ibrutinib,Ethylmorphine,0
Ibrutinib,Solifenacin,0
Ibrutinib,Phenacetin,0
Ibrutinib,Lysergicaciddiethylamide,0
Ibrutinib,Flunarizine,0
Ibrutinib,Nebivolol,0
Ibrutinib,Cariprazine,0
Ibrutinib,Sertindole,0
Ibrutinib,Mianserin,0
Ibrutinib,Alogliptin,0
Ibrutinib,Dapagliflozin,0
Ibrutinib,Fesoterodine,0
Ibrutinib,Levomilnacipran,0
Ibrutinib,Perospirone,0
Ibrutinib,Mephenytoin,0
Ibrutinib,Epinastine,0
Ibrutinib,Progesterone,0
Ibrutinib,Prochlorperazine,0
Ibrutinib,Meperidine,0
Ibrutinib,Doxazosin,0
Ibrutinib,Zuclopenthixol,0
Ibrutinib,Dacomitinib,0
Ibrutinib,Theophylline,0
Ibrutinib,Amitriptyline,0
Ibrutinib,Amoxapine,0
Ibrutinib,Clomipramine,0
Ibrutinib,Trimipramine,0
Ibrutinib,Nortriptyline,0
Ibrutinib,Cyclosporine,12
Ibrutinib,Propylthiouracil,7
Ibrutinib,Escitalopram,2
Ibrutinib,Ritonavir,2
Ibrutinib,Fluoxetine,2
Ibrutinib,Idelalisib,0
Ibrutinib,Cannabidiol,0
Ibrutinib,Ceritinib,0
Ibrutinib,Palbociclib,0
Ibrutinib,Olaparib,0
Ibrutinib,Lenvatinib,0
Ibrutinib,Vilanterol,6
Ibrutinib,Difluocortolone,6
Ibrutinib,Somatostatin,0
Ibrutinib,Stiripentol,0
Ibrutinib,Melperone,0
Ibrutinib,Barnidipine,0
Ibrutinib,Benidipine,0
Ibrutinib,Efonidipine,0
Ibrutinib,Methyleneblue,0
Ibrutinib,Rolapitant,0
Ibrutinib,Osimertinib,0
Ibrutinib,Dexchlorpheniraminemaleate,0
Ibrutinib,Venetoclax,0
Ibrutinib,Isavuconazole,0
Ibrutinib,Artenimol,0
Ibrutinib,Pitolisant,5
Ibrutinib,Acalabrutinib,0
Ibrutinib,Ribociclib,0
Ibrutinib,Icotinib,1
Ibrutinib,Rifamycin,0
Ibrutinib,Baricitinib,6
Ibrutinib,Osilodrostat,0
Ibrutinib,Dacomitinib,0
Ibrutinib,Fostamatinib,0
Ibrutinib,Alpelisib,0
Ibrutinib,Letermovir,0
Ibrutinib,Rucaparib,0
Ibrutinib,Betrixaban,16
Ibrutinib,Siponimod,6
Ibrutinib,Fedratinib,0
Ibrutinib,Oxetacaine,0
Ibrutinib,Ozanimod,6
Ibrutinib,Ritanserin,0
Ibrutinib,Gabexate,16
Ibrutinib,Levosalbutamol,0
Ibrutinib,Rhein,0
Ibrutinib,Troleandomycin,0
Ibrutinib,Fluticasone,0
Ibrutinib,Enasidenib,0
Ibrutinib,Testosteronecypionate,0
Ibrutinib,Testosteroneenanthate,0
Ibrutinib,Testosteroneundecanoate,0
Ibrutinib,Nabiximols,0
Ibrutinib,Fosnetupitant,0
Ibrutinib,Tetrandrine,6
Ibrutinib,Hydrocortisoneacetate,6
Ibrutinib,Hydrocortisonebutyrate,6
Ibrutinib,Prednisolonephosphate,1
Ibrutinib,Curcuminsulfate,0
Ibrutinib,Betamethasonephosphate,1
Ibrutinib,Remdesivir,0
Ibrutinib,Pralsetinib,0
Ibrutinib,Berotralstat,0
